subject, block_type, block, delay_condition, trial, chosen, unchosen, offer_right_image, offer_left_image, exp_value_right, exp_value_left, choice_location, choice_key, exp_value1, exp_value2, exp_value3, exp_value4, RT, reward, coins_per_block, coins_per_task
0, test, 1, 0.5, 1, 2, 1, 2, 1, 0.45, 0.35, left, 1, 0.35, 0.45, 0.55, 0.65, 0.32193490001372993, 1, 1.000000,1.000000
0, test, 1, 0.5, 2, 1, 2, 1, 2, 0.35, 0.45, left, 1, 0.35, 0.45, 0.55, 0.65, 0.509024300146848, 0, 1.000000,1.000000
0, test, 1, 0.5, 3, 4, 1, 4, 1, 0.65, 0.35, left, 1, 0.35, 0.45, 0.55, 0.65, 0.30275609996169806, 1, 2.000000,2.000000
0, test, 2, 1, 1, 2, 3, 2, 3, 0.45, 0.55, left, 1, 0.35, 0.45, 0.55, 0.65, 0.41701570013538003, 1, 1.000000,3.000000
0, test, 2, 1, 2, 3, 1, 3, 1, 0.55, 0.35, left, 1, 0.35, 0.45, 0.55, 0.65, 0.3502967001404613, 1, 2.000000,4.000000
0, test, 2, 1, 3, 1, 2, 1, 2, 0.35, 0.45, left, 1, 0.35, 0.45, 0.55, 0.65, 0.3095801000017673, 1, 3.000000,5.000000
