subject, block_type, block, delay_condition, trial, chosen, unchosen, offer_right_image, offer_left_image, exp_value_right, exp_value_left, choice_location, choice_key, exp_value1, exp_value2, exp_value3, exp_value4, RT, reward, coins_per_block, coins_per_task,ITI_duration,rt_deadline,choice_feedback_duration,outcome_duration
0, test, 1, 0.5, 1, 1, 4, 1, 4, 0.35, 0.65, left, 1, 0.35, 0.45, 0.55, 0.65, 0.35045099997660145, 0, 0.000000,0.000000,1.000000,6.000000,0.500000,1.000000
0, test, 1, 0.5, 2, 3, 1, 3, 1, 0.55, 0.35, left, 1, 0.35, 0.45, 0.55, 0.65, 0.24067590001504868, 0, 0.000000,0.000000,1.000000,6.000000,0.500000,1.000000
0, test, 1, 0.5, 3, 3, 1, 3, 1, 0.55, 0.35, left, 1, 0.35, 0.45, 0.55, 0.65, 0.3754628000315279, 1, 1.000000,1.000000,1.000000,6.000000,0.500000,1.000000
0, test, 1, 0.5, 4
0, test, 1, 0.5, 5, 1, 4, 1, 4, 0.35, 0.65, left, 1, 0.35, 0.45, 0.55, 0.65, 1.4960072999820113, 0, 1.000000,1.000000,1.000000,6.000000,0.500000,1.000000
