ShaharID, group, counterbalance, block_type, block, delay_condition, trial, chosen, unchosen, offer_left_image, offer_right_image, exp_value_chosen, exp_value_unchosen, choice_location, choice_key, exp_value1, exp_value2, exp_value3, exp_value4, RT, reward, coins_per_block, coins_per_task,ITI_duration,rt_deadline,choice_feedback_duration,outcome_duration
0,0,0, test, 1, 1, 1, 3, 2, 3, 2, 0.55, 0.45, left, 1, 0.35, 0.45, 0.55, 0.65, 0.9631106997840106, 1, 1.000000,1.000000,1.000000,6.000000,0.500000,1.000000
0,0,0, test, 1, 1, 2, 3, 4, 4, 3, 0.55, 0.65, right, 2, 0.35, 0.45, 0.55, 0.65, 0.5263069998472929, 1, 2.000000,2.000000,1.000000,6.000000,0.500000,1.000000
0,0,0, test, 1, 1, 3, 4, 3, 3, 4, 0.65, 0.55, right, 2, 0.35, 0.45, 0.55, 0.65, 0.35370020009577274, 0, 2.000000,2.000000,1.000000,6.000000,0.500000,1.000000
0,0,0, test, 1, 1, 4, 3, 2, 3, 2, 0.55, 0.45, left, 1, 0.35, 0.45, 0.55, 0.65, 0.22691609989851713, 1, 3.000000,3.000000,1.000000,6.000000,0.500000,1.000000
0,0,0, test, 1, 1, 5, 2, 4, 2, 4, 0.45, 0.65, left, 1, 0.35, 0.45, 0.55, 0.65, 4.3936906000599265, 1, 4.000000,4.000000,1.000000,6.000000,0.500000,1.000000
0,0,0, test, 1, 1, 6, 4, 3, 3, 4, 0.65, 0.55, right, 2, 0.35, 0.45, 0.55, 0.65, 0.6519045997411013, 0, 4.000000,4.000000,1.000000,6.000000,0.500000,1.000000
0,0,0, test, 1, 1, 7, 1, 4, 1, 4, 0.35, 0.65, left, 1, 0.35, 0.45, 0.55, 0.65, 0.4788816999644041, 0, 4.000000,4.000000,1.000000,6.000000,0.500000,1.000000
