subject, block_type, block, delay_condition, trial, chosen, unchosen, offer_right_image, offer_left_image, exp_value_right, exp_value_left, choice_location, choice_key, exp_value1, exp_value2, exp_value3, exp_value4, RT, reward, coins_per_block, coins_per_task
1, test, 1, 2, 1, 2, 3, 2, 3, 0.45, 0.55, left, 1, 0.35, 0.45, 0.55, 0.65, 0.328503000000012, 0, 0.000000,0.000000
1, test, 1, 2, 2, 1, 2, 1, 2, 0.35, 0.45, left, 1, 0.35, 0.45, 0.55, 0.65, 0.25078980000000684, 0, 0.000000,0.000000
1, test, 1, 2, 3, 1, 2, 1, 2, 0.35, 0.45, left, 1, 0.35, 0.45, 0.55, 0.65, 0.20555519999999206, 1, 1.000000,1.000000
1, test, 2, 0.5, 1, 4, 3, 4, 3, 0.65, 0.55, left, 1, 0.35, 0.45, 0.55, 0.65, 0.3561660999999958, 1, 1.000000,2.000000
1, test, 2, 0.5, 2, 2, 4, 2, 4, 0.45, 0.65, left, 1, 0.35, 0.45, 0.55, 0.65, 0.3076498000000356, 0, 1.000000,2.000000
1, test, 2, 0.5, 3, 4, 3, 4, 3, 0.65, 0.55, left, 1, 0.35, 0.45, 0.55, 0.65, 0.2838301000000456, 0, 1.000000,2.000000
