subject, block_type, block, delay_condition, trial, chosen, unchosen, offer_left_image, offer_right_image, exp_value_chosen, exp_value_unchosen, choice_location, choice_key, exp_value1, exp_value2, exp_value3, exp_value4, RT, reward, coins_per_block, coins_per_task,ITI_duration,rt_deadline,choice_feedback_duration,outcome_duration
17, test, 1, 7, 1, 2, 4, 2, 4, 0.45, 0.65, left, 1, 0.35, 0.45, 0.55, 0.65, 0.5519363000057638, 1, 1.000000,1.000000,1.000000,6.000000,0.500000,1.000000
17, test, 1, 7, 2, 1, 2, 1, 2, 0.35, 0.45, left, 1, 0.35, 0.45, 0.55, 0.65, 2.801325300009921, 1, 2.000000,2.000000,1.000000,6.000000,0.500000,1.000000
17, test, 1, 7, 3, 1, 2, 2, 1, 0.35, 0.45, right, 2, 0.35, 0.45, 0.55, 0.65, 0.4906714998651296, 0, 2.000000,2.000000,1.000000,6.000000,0.500000,1.000000
17, test, 1, 7, 4, 3, 1, 1, 3, 0.55, 0.35, right, 2, 0.35, 0.45, 0.55, 0.65, 0.42392980004660785, 0, 2.000000,2.000000,1.000000,6.000000,0.500000,1.000000
17, test, 1, 7, 5, 2, 1, 1, 2, 0.45, 0.35, right, 2, 0.35, 0.45, 0.55, 0.65, 0.298547700047493, 1, 3.000000,3.000000,1.000000,6.000000,0.500000,1.000000
17, test, 1, 7, 6, 2, 1, 1, 2, 0.45, 0.35, right, 2, 0.35, 0.45, 0.55, 0.65, 0.25517819984816015, 0, 3.000000,3.000000,1.000000,6.000000,0.500000,1.000000
