subject, block_type, block, delay_condition, trial, chosen, unchosen, offer_left_image, offer_right_image, exp_value_chosen, exp_value_unchosen, choice_location, choice_key, exp_value1, exp_value2, exp_value3, exp_value4, RT, reward, coins_per_block, coins_per_task,ITI_duration,rt_deadline,choice_feedback_duration,outcome_duration
30, test, 1, 1, 1, 1, 4, 1, 4, 0.35, 0.65, left, 1, 0.35, 0.45, 0.55, 0.65, 0.5477883000858128, 0, 0.000000,0.000000,1.000000,6.000000,0.500000,1.000000,73.000000
30, test, 1, 1, 2, 3, 1, 1, 3, 0.55, 0.35, right, 2, 0.35, 0.45, 0.55, 0.65, 0.23044799990020692, 1, 1.000000,1.000000,1.000000,6.000000,0.500000,1.000000,34.000000
30, test, 1, 1, 3, 3, 4, 3, 4, 0.55, 0.65, left, 1, 0.35, 0.45, 0.55, 0.65, 0.5177840001415461, 0, 1.000000,1.000000,1.000000,6.000000,0.500000,1.000000,64.000000
30, test, 1, 1, 4, 4, 2, 2, 4, 0.65, 0.45, right, 2, 0.35, 0.45, 0.55, 0.65, 0.2894340001512319, 0, 1.000000,1.000000,1.000000,6.000000,0.500000,1.000000,93.000000
30, test, 1, 1, 5, 4, 1, 4, 1, 0.65, 0.35, left, 1, 0.35, 0.45, 0.55, 0.65, 0.2729567000642419, 1, 2.000000,2.000000,1.000000,6.000000,0.500000,1.000000,25.000000
30, test, 1, 1, 6, 4, 3, 3, 4, 0.65, 0.55, right, 2, 0.35, 0.45, 0.55, 0.65, 0.29935220000334084, 0, 2.000000,2.000000,1.000000,6.000000,0.500000,1.000000,78.000000
30, test, 1, 1, 7, 1, 3, 1, 3, 0.35, 0.55, left, 1, 0.35, 0.45, 0.55, 0.65, 0.35976070002652705, 0, 2.000000,2.000000,1.000000,6.000000,0.500000,1.000000,47.000000
