subject, block_type, block, delay_condition, trial, chosen, unchosen, offer_right_image, offer_left_image, exp_value_right, exp_value_left, choice_location, choice_key, exp_value1, exp_value2, exp_value3, exp_value4, RT, reward, coins_per_block, coins_per_task
1, test, 1, 2, 1, 2, 4, 2, 4, 0.45, 0.65, left, 1, 0.35, 0.45, 0.55, 0.65, 1.0911580999963917, 0, 0.000000,0.000000
1, test, 1, 2, 2, 3, 1, 1, 3, 0.55, 0.35, right, 2, 0.35, 0.45, 0.55, 0.65, 0.3563375999801792, 0, 0.000000,0.000000
1, test, 1, 2, 3, 4, 2, 4, 2, 0.65, 0.45, left, 1, 0.35, 0.45, 0.55, 0.65, 0.6382257000077516, 0, 0.000000,0.000000
1, test, 2, 0.5, 1, 4, 2, 4, 2, 0.65, 0.45, left, 1, 0.35, 0.45, 0.55, 0.65, 0.4121453999832738, 1, 1.000000,1.000000
1, test, 2, 0.5, 2, 3, 4, 3, 4, 0.55, 0.65, left, 1, 0.35, 0.45, 0.55, 0.65, 0.3690444999956526, 1, 2.000000,2.000000
1, test, 2, 0.5, 3, 3, 2, 3, 2, 0.55, 0.45, left, 1, 0.35, 0.45, 0.55, 0.65, 3.987045499990927, 0, 2.000000,2.000000
