ShaharID, group, counterbalance, block_type, block, delay_condition, trial, chosen, unchosen, offer_left_image, offer_right_image, exp_value_chosen, exp_value_unchosen, choice_location, choice_key, exp_value1, exp_value2, exp_value3, exp_value4, RT, reward, coins_per_block, coins_per_task,ITI_duration,rt_deadline,choice_feedback_duration,outcome_duration
0,0,0, test, 1, 1, 1, 2, 3, 2, 3, 0.45, 0.55, left, 1, 0.35, 0.45, 0.55, 0.65, 0.4013342000544071, 0, 0.000000,0.000000,1.000000,6.000000,0.500000,1.000000
0,0,0, test, 1, 1, 2, 3, 1, 1, 3, 0.55, 0.35, right, 2, 0.35, 0.45, 0.55, 0.65, 0.34275890002027154, 1, 1.000000,1.000000,1.000000,6.000000,0.500000,1.000000
0,0,0, test, 1, 1, 3, 4, 3, 4, 3, 0.65, 0.55, left, 1, 0.35, 0.45, 0.55, 0.65, 0.26187040004879236, 0, 1.000000,1.000000,1.000000,6.000000,0.500000,1.000000
0,0,0, test, 1, 1, 4, 1, 2, 2, 1, 0.35, 0.45, right, 2, 0.35, 0.45, 0.55, 0.65, 0.3104667002335191, 0, 1.000000,1.000000,1.000000,6.000000,0.500000,1.000000
0,0,0, test, 1, 1, 5, 3, 1, 3, 1, 0.55, 0.35, left, 1, 0.35, 0.45, 0.55, 0.65, 0.2634211997501552, 1, 2.000000,2.000000,1.000000,6.000000,0.500000,1.000000
